ALLIANCE,GUILD,NAME,TAG,DISCORD,LEADER,INGAME,MISTS_MEMBERS,LANG,MISTS_LEADER,MISTS_URL,TEAM,ID,ALLIANCE_POST,RECRUITMENT_POST,.
Alliance McM Française,270DA534-C416-EF11-81B8-D206D0C515D3,Alliance McM Française,vF,https://discord.gg/N7A94sx5DA,@amish_de_pain,NiglopowA.7543,470,FR,https://gw2mists.com/user/Rpu.2130,https://gw2mists.com/guilds/Alliance%20Mcm%20Fran%C3%A7aise,Mirror of Lyssa,12011,https://discord.com/channels/1118168848806445167/1118852743344439306/1266738375986122794,https://discord.com/channels/1118168848806445167/1246957322954346516/1246957322954346516,
Alliance McM Française,33422353-5466-E711-80D3-441EA14F1E40,Beer Union,BuD,,,,,,,,,,,,
Alliance McM Française,C17786AC-03C7-E611-80D3-AC162DC0847D,Le Quaggan Nomade,QUAN,,,,,,,,,,,,
Alliance McM Française,F3098103-40B5-ED11-81B7-AD7CCA945DAC,Rxe,pu,,,,,,,,,,,,
Alliance McM Française,A3735644-5716-4413-8C58-BF3BC36956B3,Les Iciciens,Ys,,,,,,,,,,,,
Alliance of Elona,59D2F5A6-4DD4-4D23-B87A-F835FD0B73A0,Alliance of Elona,AoE,https://discord.gg/fFvjqpV,@loebentigrissilvestre,Terror Broetchen.6435,452,DE,https://gw2mists.com/user/LAX.9032,https://gw2mists.com/guilds/Alliance%20Of%20Elona,Grenth's Door,12010,https://discord.com/channels/1118168848806445167/1118852743344439306/1241823140464824472,,
Alliance of Elona,2B0740DE-538E-E611-80D3-E83935B5B448,Lights of Elona,LoE,,,,,,,,,,,,
Alliance of Elona,4E0BFF81-26FF-473F-9E08-69B35A19D26B,Tränen der Ewigkeit,TdE,,,,,,,,,,,,
Alliance of Elona,9CFCB8BA-FEA3-430F-BF00-9B6B598F7062,Sixkiller Enterprises,Pay,,,,,,,,,,,,
Alliance of Elona,401BFB04-9B36-E411-A2AD-AC162DC0A8ED,The All Saînts,TâS,,,,,,,,,,,,
Alliance of Elona,697424FD-5FE5-E311-88E3-AC162DC0E835,Elona Night Watch,ENW,,,,,,,,,,,,
Alliance of Elona,4DC9662D-A462-4100-B11A-6D94DEB2E910,Dead On Ârrival,DOA,,,,,,,,,,,,
Battlecross,F235D388-182B-EF11-BA1F-06F2763BE7D0,Battlecross,SMC,https://discord.gg/gw2smc,@chrismrdynamic,Stoneless.3968,248,DE,https://gw2mists.com/user/Sense.6105,https://gw2mists.com/guilds/Battlecross,Great House Aviary,12014,https://discord.com/channels/1118168848806445167/1118852743344439306/1254861839766917130,https://discord.com/channels/1118168848806445167/1254834289967628329/1254834289967628329,
Battlecross,E99B259A-B1EA-4419-A8CD-3E1310C182DA,The Vision X,VIS,,,,,,,,,,,,
Battlecross,156C1D41-0605-E711-80D3-E4115BE8BBE8,X The Punishment X,BOMB,,,,,,,,,,,,
Battlecross,7F5CC112-593B-E911-81A8-CDE2AC1EED30,Die Die Deff Tappen,üEi,,,,,,,,,,,,
Battlecross,4C3DD0AC-C410-E611-80D4-E4115BD058A1,Dingoes Ate My Baby,DNGO,,,,,,,,,,,,
Cinder Ashes,DA45D730-8C17-E511-AF00-AC162DC028B5,Cinder Ashes,PYRE,http://discord.gg/pyregw2,@.goldi,Goldi.1360,437,EN,https://gw2mists.com/user/Goldi.1360,https://gw2mists.com/guilds/Cinder%20Ashes,Melandru's Dome,12012,https://discord.com/channels/1118168848806445167/1118852743344439306/1118853924229750814,https://discord.com/channels/1118168848806445167/1240430873359159327/1240430873359159327,
Cinder Ashes,B93298B2-9A74-EC11-81A8-B942C6BB2B96,House Of The Darkmoon,Moon,https://discord.gg/moonguild,@deyy1,Deyy.8340,,,https://gw2mists.com/user/Shorra.7256,,,,,https://discord.com/channels/1118168848806445167/1264859401769193552/1264859401769193552,
Cinder Ashes,E88F4054-0B44-485F-A4BB-915971B4408B,Jam Death,Jd,,,,,,,https://gw2mists.com/guilds/Jam%20Death,,,,,
Cinder Ashes,C6AC72BB-8D5E-4163-96A1-A8E8A801CB42,Kalevala,Kale,https://discord.gg/GnNTmDFuBS,@iameleonora,Eleonora.3627,,,,,,,,https://discord.com/channels/1118168848806445167/1198348165582160075/1198348165582160075,
Cinder Ashes,7BAD0616-8A02-EB11-81A8-B942C6BB2B96,Make Them,DROP,https://discord.gg/DUfmgW8,@fhinish,Fhin.1236,28,FR,https://gw2mists.com/user/Fhin.1236,https://gw2mists.com/guilds/Make%20Them,,,,https://discord.com/channels/1118168848806445167/1247488926231302198/1247488926231302198,
Cinder Ashes,4E1F9417-968E-E311-8BA5-AC162DAAE275,Off,Tag,,@.stradus,Stradus.5629,,,,,,,,https://discord.com/channels/1118168848806445167/1195388638532485200/1195388638532485200,
Cinder Ashes,C52318A9-34B8-E711-80E3-E4115BEB354C,Pain Traín,CHOO,,,,,,,,,,,,
Cinder Ashes,E707CB80-E552-4214-AD6D-B864BC1F49AA,Set Sail to Epic Fail,FAIL,,,,,,,,,,,,
Cinder Ashes,AC7E8C46-E602-E411-BBA0-AC162DAE5AD5,Venit Ad Inferos,VAI,,,,,,,,,,,,
Cinder Ashes,5BF1B4E4-E8C9-EB11-81A8-CDE2AC1EED30,Voices Of The Lost Claw,BEAR,,,Ramontique.9852,,,,,,,,https://discord.com/channels/1118168848806445167/1195393838664126657/1195393838664126657,
Cinder Ashes,C9AF5E49-E2A6-EC11-81B7-AD7CCA945DAC,We Are All Mad,MADs,,@camabe,camabe.6158,,ES,https://gw2mists.com/user/camabe.6158,https://gw2mists.com/guilds/We%20Are%20All%20Mad,,,,https://discord.com/channels/1118168848806445167/1243581497005576384/1243581497005576384,
eclipse Alliance,335B0458-3C53-E511-925A-AC162DAE5AD5,eclipse Alliance,eA,https://discord.gg/APuGp6chzD,@valdrass,,,,,,Bloodstone Gulch,12007,https://discord.com/channels/1118168848806445167/1118852743344439306/1267602422625337438,,
eclipse Alliance,B65DAD56-25FB-EE11-BA1F-06F2763BE7D0,eclipse Vanguard,eV,https://discord.gg/APuGp6chzD,@hypno,Grim.3052,88,EN,https://gw2mists.com/user/the%20potato%20killer.9216,https://gw2mists.com/guilds/Eclipse%20Vanguard,,,,https://discord.com/channels/1118168848806445167/1268300844135092335/1268300844135092335,
eclipse Alliance,6A7597C4-3441-EF11-81AB-8B4A188BDE13,Dodge Right I Mean,LEFT,,@chromatic.orb,chromatic.2649,89,EN,https://gw2mists.com/user/maestro.9016,https://gw2mists.com/guilds/Dodge%20Right%20I%20Mean,,,,,
eclipse Alliance,1D028443-38BF-4E2D-A8EF-D2E90F21C303,Guardian Brigade,POL,https://discord.gg/ZG3ZbBPeep,@raition,Darek.5293,38,PL,https://gw2mists.com/user/Lissotti.5147,https://gw2mists.com/guilds/Guardian%20Brigade,,,,https://discord.com/channels/1118168848806445167/1278978219944710185/1278978219944710185,
Enough Of Wvw I Go,EBEF51FE-D436-EF11-8465-0228F2FB5E53,Enough Of Wvw I Go,Fish,,@driney.,Driney.7305,,EN,https://gw2mists.com/user/Brutus.8649,,Kormir's Library,12013,https://discord.com/channels/1118168848806445167/1269665632845168683/1269665632845168683,,
Enough Of Wvw I Go,7ADEF17B-70E8-EE11-8467-122223FBD123,Sanguis Vindictae,sV,,@driney.,Driney.7305,44,EN,https://gw2mists.com/user/Brutus.8649,https://gw2mists.com/guilds/Sanguis%20Vindictae,,,,https://discord.com/channels/1118168848806445167/1269665632845168683/1269665632845168683,
From Sunset to Sunset,21261C2A-271A-EF11-81B7-C3B1C0E42B51,From Sunset to Sunset,sun,https://discord.gg/GDCZhs9xFd,@kaldas_71617,,,,,,Mirror of Lyssa,12011,https://discord.com/channels/1118168848806445167/1118852743344439306/1249150683631059006,https://discord.com/channels/1118168848806445167/1263273238767730698/1263273238767730698,
From Sunset to Sunset,B61AB32E-A6F0-EA11-81A8-E944283D67C1,Mystic Moon Of Night Experience,MMO,,,,,,,,,,,,
From Sunset to Sunset,4063633B-167E-EB11-81A9-971484D88F04,Meine Kettensäge macht,MEOW,,,,,,,,,,,,
From Sunset to Sunset,DD69E47F-7B07-E711-80D3-E83935B5B448,Frostwolfs Clan,WOLF,,,,,,,,,,,,
From Sunset to Sunset,671C4AB4-1534-E711-80D3-AC162DC0847D,Schlappohren und Co,FUN,,,,,,,,,,,,
From Sunset to Sunset,5BC47F42-FBF8-EB11-81A8-B942C6BB2B96,Tyrias Keeper,Tyk,,,,,,,,,,,,
Generic Djinn Guild,198BBD7C-FDBA-EB11-81AC-95DFE50946EB,Generic Djinn Guild,LAMP,,@crazynourdinmofo,DaveTheKid.5293,,,https://gw2mists.com/user/DaveTheKid.5293,,Ettin's Back,12004,https://discord.com/channels/1118168848806445167/1118852743344439306/1250720693222641666,,
Generic Djinn Guild,D58D7A66-E2BA-E411-A2AD-AC162DC0A8ED,Pure of Mind,Pure,,,,,,,,,,,,
Generic Djinn Guild,ECBC561A-7FD9-E411-A278-AC162DC0070D,O U R S,OURS,,,,,,,,,,,,
Generic Djinn Guild,E33B6E88-1E8B-4E55-97F6-192DFBDA1F92,The Nut Crackers,NUTS,,,,,,,,,,,,
Generic Djinn Guild,692064E0-49F4-E911-81B7-AD7CCA945DAC,Gimme Your Loot,BAG,,@crazynourdinmofo,Mlinni.6109,335,,https://gw2mists.com/user/DaveTheKid.5293,https://gw2mists.com/guilds/Gimme%20Your%20Loot,,,,https://discord.com/channels/1118168848806445167/1202993566063005717/1202993566063005717,
Generic Djinn Guild,943688CC-E9B8-4BC3-8D91-DACCF5C98A10,Shiver Me Timbers,FSP,,,,160,,,,,,,,
Generic Djinn Guild,D6759823-3E4F-E911-81A8-CDE2AC1EED30,Waiting Until We Wipe,MIMI,,,,,,,,,,,,
Generic Djinn Guild,FE700DF5-5F42-EC11-81B7-C3B1C0E42B51,End Ôf Days,DOOM,,,,,,,,,,,,
Generic Djinn Guild,F925BE45-4903-E711-80D3-E83935B5B448,Gandara Community,DARA,,,,,,,,,,,,
Goobagoo,9346D8E0-17FC-EE11-81AB-8B4A188BDE13,Goobagoo,GOOO,https://discord.gg/R5YeNZuwQt,@zxr_,zZxR.3647,,,https://gw2mists.com/user/zZxR.3647,,Frost Citadel,12008,https://discord.com/channels/1118168848806445167/1118852743344439306/1273285479650820140,,
Goobagoo,D0116AD7-3DE1-E911-81A8-CDE2AC1EED30,Dynamic Phosphor,dP,,@zazarrus,Zazarrus.2183,113,DE,https://gw2mists.com/user/Zazarrus.2183,https://gw2mists.com/guilds/Dynamic%20Phosphor,,,,https://discord.com/channels/1118168848806445167/1275117222808780854/1275117222808780854,
Goobagoo,F4B0E685-4B51-EE11-81B7-AD7CCA945DAC,Tamashî,vnsh,,,,,,,,,,,,
Goobagoo,0343C750-C187-E411-AA11-AC162DAAE275,Legione Sidera,IRIS,,,,,,,,,,,,
Goobagoo,518DA20E-4697-E311-8BA5-AC162DAAE275,Kazokú,Kazo,,,,72,,,,,,,,
Goobagoo,2A4687C4-F870-EC11-81B7-C3B1C0E42B51,Mîdnîght,Crew,,,,23,,,,,,,,
Goobagoo,19201AB5-A0F2-E911-81B7-C3B1C0E42B51,Plague Division,RATS,,,,54,,,,,,,,
Hör Mal Wer Da Beutelt,21923289-E9B2-EE11-8465-0290273D6B3C,Hör Mal Wer Da Beutelt,LooT,https://discord.gg/Rs9uE92zfy,@.peaceman.,Peace.6215,211,DE,https://gw2mists.com/user/SoundteX.5472,https://gw2mists.com/guilds/H%C3%B6r%20Mal%20Wer%20Da%20Beutelt,Palawadan,12006,https://discord.com/channels/1118168848806445167/1118852743344439306/1254355624733708348,https://discord.com/channels/1118168848806445167/1256918847173427272/1256918847173427272,
Hör Mal Wer Da Beutelt,79CAADAE-5D90-EE11-8465-068565E44296,We Drop Nothing,DROP,,,,,,,,,,,,
Hör Mal Wer Da Beutelt,457E046F-322B-45F1-B59B-9AE1EC91038B,I Legendary Nonames I,LN,,,,,,,,,,,,
Hör Mal Wer Da Beutelt,6BE4C726-60FB-4947-80DE-E7BE03034A63,Zirkel der Umnachtung,ZdU,,,,,,,,,,,,
Hör Mal Wer Da Beutelt,56C1230C-838B-E311-8BA5-AC162DAAE275,Golemschwadron,GS,,,,,,,,,,,,
Insert Alliance Name,CDEFED3B-B617-EF11-8465-0290273D6B3C,Insert Alliance Name,here,https://discord.gg/jUuQAPDfFM,@fenris_lenn,,,,,,Skrittsburgh,12001,https://discord.com/channels/1118168848806445167/1118852743344439306/1246156428377329785,,
Insert Alliance Name,BFD9B5EB-1F5F-EA11-81A8-CDE2AC1EED30,All In Squadron,AIS,,,,,,,,,,,,
Insert Alliance Name,C03656AC-260B-E611-80D3-AC162DC085C0,Looking For The Bomb,CIA,,,,,,,,,,,,
Insert Alliance Name,996155C8-9C04-EF11-BA1F-06F2763BE7D0,Only Luv Matters,LUV,,,,,,,,,,,,
Insert Alliance Name,305AB7EB-DD6D-E411-A3E6-AC162DC0E835,La Meute De L Apocalypse,MAD,,,,,,,,,,,,
Insert Alliance Name,92040DE3-B2B7-E411-AEFB-AC162DC05865,Mobile Ingénieuse Et Marteau,MIMs,,,,,,,,,,,,
Insert Alliance Name,970114DF-ADEF-EA11-81B7-AD7CCA945DAC,Mimo Prohodili,Mimo,,,,,,,,,,,,
Insert Alliance Name,5742651A-8154-E511-A343-AC162DAE0BED,Why You Do This Every,NITE,,,,,,,,,,,,
Insert Alliance Name,7E87B9DC-4E0F-EC11-81A8-B942C6BB2B96,Next To Nothing,NTN,,,,,,,,,,,,
Insert Alliance Name,23A46367-AD90-4C8B-B817-AE313A649882,Overall,OVER,,,,,,,,,,,,
Insert Alliance Name,F9EA4AE9-A9E9-E311-A8FE-AC162DC05865,Spectral Guard,SGr,https://discord.gg/KzBDX8rBsE,@novix8905,Novix.8216,29,FR,https://gw2mists.com/user/Novix.8216,https://gw2mists.com/guilds/Spectral%20Guard,,,,https://discord.com/channels/1118168848806445167/1240665632790417408/1240665632790417408,
Insert Alliance Name,CE2E3832-21B2-EE11-81AA-F91D67309373,The Failures,tF,,,,,,,,,,,,
Just Different,298C8826-9A6C-EC11-81A8-CDE2AC1EED30,Just Different,JuDi,https://discord.gg/EUbsUUshQz,@desertbabe,Desertbabe.2804,352,EN,https://gw2mists.com/user/Desertbabe.2804,https://gw2mists.com/guilds/Just%20Different,Dragrimmar,12009,https://discord.com/channels/1118168848806445167/1118852743344439306/1192217892486381640,https://discord.com/channels/1118168848806445167/1240672318146085016/1240672318146085016,
Just Different,6BF55394-54C9-E311-8D3D-AC162DC0A8ED,Crazy Bumper Stickers,BumP,https://discord.gg/rYphgaEQ64,@desertbabe,Desertbabe.2804,103,EN,https://gw2mists.com/user/Desertbabe.2804,https://gw2mists.com/guilds/Crazy%20Bumper%20Stickers,,,,https://discord.com/channels/1118168848806445167/1268962322655739957/1268962322655739957,
Just Different,D1F14D0F-C027-ED11-81B7-C3B1C0E42B51,Deceiivers,Dec,,,,,,,,,,,,
Just Different,049EFB56-DCE7-EA11-81B7-AD7CCA945DAC,The Dream Of Gaia,Gaia,,,,,,,,,,,,
Just Different,252EDB44-28E2-E411-925A-AC162DAE5AD5,Little Red Raiding,HOOD,https://discord.gg/QuK7sdVfnk,@era.lukas.son,Fjubeb.7514,,,https://gw2mists.com/user/Fjubeb.7514,,,,,https://discord.com/channels/1118168848806445167/1193212388560867488/1257444083211702313,
Just Different,8AA47689-4CD5-49FB-A4F7-A14EF3955894,Third Legio,III,,,,,,,,,,,,
Just Different,F5349CA8-9A11-45E3-BAF0-42E1684789F1,Legacy of Nosferatu,KISS,,,,,,,,,,,,
Just Different,02BC88DA-335C-41F2-92A1-C65B91538F2E,Hellfire Mercenaries,MERC,,,,,,,,,,,,
Just Different,5A8074AA-7F24-49E6-8F9C-2B522F5CBC90,I Tripped and Fell,Oops,,,,,,,,,,,,
Just Different,63C58380-3E94-EC11-81B7-C3B1C0E42B51,Oni Mask,oNi,,,,,,,,,,,,
Just Different,1DB147F0-E895-451B-B620-D8A7D279CC41,Crusaders of the Sun,SUN,,,,,,,,,,,,
Just Different,51F8F493-15D0-E911-81A8-CDE2AC1EED30,Monkey Academy,Uuk,,,,,,,,,,,,
Kingdom Of The Grove,D2E57B4B-C309-E811-81A1-02909F6AA9AA,Kingdom Of The Grove,KGDM,,,Nauda.3678,443,,https://gw2mists.com/user/Nauda.3678,https://gw2mists.com/guilds/Kingdom%20Of%20The%20Grove,Domain of Anguish,12005,,,
Kingdom Of The Grove,7D08E82B-30A7-445B-9E3E-D265D3ED5125,Illumina Aeternitatem,ILL,,,Nauda.3678,183,DE,https://gw2mists.com/user/Nauda.3678,https://gw2mists.com/guilds/Illumina%20Aeternitatem,,,,,
Might Might Might Might M,402DC369-365E-EF11-8465-068565E44296,Might Might Might Might M,ight,https://discord.gg/JhJYWrhSXn,@kil7.,,,,,,Skrittsburgh,12001,https://discord.com/channels/1118168848806445167/1118852743344439306/1276554335538516029,,
Might Might Might Might M,1C3E3913-FFAA-EE11-8465-068565E44296,Kinguîtâ,Ka,,,,,,,,,,,,
Most Effective Teamplay Alliance,71CDC3D3-11A2-43E0-B111-71F6BC8A8F7F,Most Effective Teamplay Alliance,Meta,https://discord.gg/VprTPsspdW,@mr.x5333,,,,,,Great House Aviary,12014,https://discord.com/channels/1118168848806445167/1118852743344439306/1201224296102641835,,
Most Effective Teamplay Alliance,8F939294-84DC-EE11-81A9-8FB5CFBE7766,Alio Modo,Sith,,@j.u.l.z,Celmel.6957,31,DE,https://gw2mists.com/user/ZeroZero.6784,https://gw2mists.com/guilds/Alio%20Modo,,,,https://discord.com/channels/1118168848806445167/1271493034785243186/1271493034785243186,
Most Effective Teamplay Alliance,0E55A939-7893-E411-925A-AC162DAE5AD5,Ninja Asura Club,NAC,,,,,,,,,,,,
Most Effective Teamplay Alliance,6384CBDE-D86A-E911-81A8-B942C6BB2B96,Loyal Nemesis,NE,,,,,,,,,,,,
Most Effective Teamplay Alliance,ABEC15BC-86A0-E811-81A8-E944283D67C1,Fuchsfeuer,Fux,,@varoshsantanamiguel,Varosh.4297,78,DE,https://gw2mists.com/user/Varosh.4297,https://gw2mists.com/guilds/Fuchsfeuer,,,,,
Most Effective Teamplay Alliance,FAB27B3C-A94A-4DDD-92FD-65CD8852DD0C,Tamok,TA,,@dodfrig,,,DE,,,,,,https://discord.com/channels/1118168848806445167/1198944933755756615/1198944933755756615,
Most Effective Teamplay Alliance,E68BE9F5-6079-E811-81A8-CDE2AC1EED30,A New Name For Bomb,gub,,,,,,,,,,,,
Most Effective Teamplay Alliance,A8B075D0-EC32-E511-A2AD-AC162DC0A8ED,River Runs,Red,,,,,,,,,,,,
Most Effective Teamplay Alliance,757F9AC9-6744-EF11-8465-06D1970130F4,Dont Worry We Got,this,,,,,,,,,,,,
Most Effective Teamplay Alliance,F760411A-1F0D-E411-B827-AC162DC0A8ED,Strike at Dawn,Dawn,,,,,,,,,,,,
Most Effective Teamplay Alliance,FD0572FC-B63D-ED11-8465-068565E44296,We Take Care Of Your Worries,Care,,,,,,,,,,,,
My Build Is From Meta Battle,2F398D10-BADA-E811-81A8-E8B6963692B8,My Build Is From Meta Battle,Mb,https://discord.gg/mbguild,@ashagbr,asha.4159,185,EN,https://gw2mists.com/user/asha.4159,https://gw2mists.com/guilds/My%20Build%20Is%20From%20Meta%20Battle,Fortune's Vale,12002,https://discord.com/channels/1118168848806445167/1278309575250022442/1278309575250022442,,
My Build Is From Meta Battle,A4D97498-5CC3-EE11-BA1F-06F2763BE7D0,My Build Is From Metabattle,Mb,https://discord.gg/mbguild,@ashagbr,asha.4159,,,,,,,,https://discord.com/channels/1118168848806445167/1278309575250022442/1278309575250022442,
My Build Is From Meta Battle,A53AF5B1-7BC4-EE11-81AA-F91D67309373,My Build Is From Metabattle I,Mb,https://discord.gg/mbguild,@ashagbr,asha.4159,,,,,,,,https://discord.com/channels/1118168848806445167/1278309575250022442/1278309575250022442,
Notorîous,7448E0E2-0332-EE11-81B7-AD7CCA945DAC,Notorîous,BiG,https://discord.gg/bigblob,,haz.6358,481,EN,https://gw2mists.com/user/haz.6358,https://gw2mists.com/guilds/Notor%C3%AEous,Dragrimmar,12009,,,
Notorîous,3F486FF9-8DC9-E611-80D4-E4115BDFF975,Qqqqqqqqqqqqqqqqqqqqqqqqqqqqqqq,QWOP,,,Tequila.7456,108,,https://gw2mists.com/user/Tequila.7456,https://gw2mists.com/guilds/Qqqqqqqqqqqqqqqqqqqqqqqqqqqqqqq,,,,,
Notorîous,8EFCD3B8-B1F6-EB11-81A8-B942C6BB2B96,Hoez Kicking Booties,HoeZ,,,SpiV.8052,25,EN,https://gw2mists.com/user/SpiV.8052,https://gw2mists.com/guilds/Hoez%20Kicking%20Booties,,,,,
Notorîous,EA0CEE16-5F47-E711-80D3-AC162DC085C0,Kaotîk,KotK,,,Syak.1359,18,ES,https://gw2mists.com/user/Roaht.6453,https://gw2mists.com/guilds/Kaot%C3%AEk,,,,,
P L E B S U N I T E D,90CC33D1-D4DB-EE11-81B7-AD7CCA945DAC,P L E B S U N I T E D,XX,https://discord.gg/plebsunitedxx,@.c.o.r.a.,Cora.9472,367,EN,https://gw2mists.com/user/Cora.9472,https://gw2mists.com/guilds/P%20L%20E%20B%20S%20U%20N%20I%20T%20E%20D,Silent Woods,12003,https://discord.com/channels/1118168848806445167/1118852743344439306/1240308427234869258,,
P L E B S U N I T E D,6CA8F989-79AD-418D-A9BA-8ADFA87FFA5F,World Wide Damage,INC,,,,,,,,,,,,
P L E B S U N I T E D,6F426034-6F20-4D6A-825A-39F04D884D0B,La Rive Sud,LRS,,,,,,,,,,,,
P L E B S U N I T E D,50B6B26E-16FF-ED11-81A9-971484D88F04,Brutelegance,OUCH,,,,,,,,,,,,
P L E B S U N I T E D,4F3802A2-A87B-E411-863C-E4115BDF481D,Nearly Göd,Ng,,,,,,,,,,,,
P L E B S U N I T E D,A8EF0647-6EE2-EB11-81B7-AD7CCA945DAC,Send Help Plz,LOST,https://discord.gg/sendhelpplzlost,@.c.o.r.a.,Cora.9472,46,EN,https://gw2mists.com/user/Cora.9472,https://gw2mists.com/guilds/Send%20Help%20Plz,,,,https://discord.com/channels/1118168848806445167/1218959160713019493/1218959160713019493,
Stuck In Tier,DB7838C0-1F23-EF11-81AA-F91D67309373,Stuck In Tier,six,https://discord.gg/uuxWPGmmqK,@tordon,,,,,,Skrittsburgh,12001,https://discord.com/channels/1118168848806445167/1118852743344439306/1248092394881286144,,
Stuck In Tier,19AD4DB3-9B99-EE11-81AA-F91D67309373,The Bobr Gang,BOBR,,@fluffee_,,,,,,,,,https://discord.com/channels/1118168848806445167/1200155813692583936/1200155813692583936,
Stuck In Tier,3D0C3F41-B7A2-EC11-8465-068565E44296,Èvolve,EVO,,,,,,,,,,,,
Stuck In Tier,FCABBC49-E8E5-E811-81A8-CDE2AC1EED30,Équilibrium,Eq,,,,,,,,,,,,
Stuck In Tier,F390202F-BB3B-E511-A3E6-AC162DC0E835,Saltlords,SALT,,,,,,,,,,,,
Stuck In Tier,B28FBF1C-58C3-EA11-81A8-E944283D67C1,The House of Raptors,THOR,https://discord.gg/axsYEjS,@coda7,Coda.9185,165,EN,https://gw2mists.com/user/Coda.9185,https://gw2mists.com/guilds/The%20House%20Of%20Raptors,,,,https://discord.com/channels/1118168848806445167/1193848220934209617/1193848220934209617,
The Last Syndicate,3BF4801C-85F0-E711-81A1-0234DC5E07D2,The Last Syndicate,TLS,,@brindillet,Dolan De Southport.4506,80,EN,https://gw2mists.com/user/Dolan%20De%20Southport.4506,,Bava Nisos,12015,https://discord.com/channels/1118168848806445167/1266028487601426502/1266028487601426502,https://discord.com/channels/1118168848806445167/1266028487601426502/1266028487601426502,
The Last Syndicate,0BC679FD-8B2F-EC11-81A8-F161567B2263,Surround Kill Devour,SKD,,@pigscream,Pig Scream.4980,40,EN,,,,,,https://discord.com/channels/1118168848806445167/1266028487601426502/1266028487601426502,
Theres Always A Bigger Fish,AF6C9208-66A6-EE11-BA1F-06F2763BE7D0,Theres Always A Bigger Fish,BAIT,https://discord.gg/RMPc6HWQ59,@shiintoryuu,Shiinto.2431,480,EN,https://gw2mists.com/user/Shiinto.2431,https://gw2mists.com/guilds/Theres%20Always%20A%20Bigger%20Fish,Bava Nisos,12015,https://discord.com/channels/1118168848806445167/1118852743344439306/1246968072590590105,https://discord.com/channels/1118168848806445167/1246969057018904636/1246969057018904636,
Theres Always A Bigger Fish,EA29A951-A5F9-ED11-8465-0290273D6B3C,Onyx Vanguard,ONYX,https://discord.gg/qTNCv7qdUb,@xkillererik,Xkillererik.4510,33,EN,https://gw2mists.com/user/Xkillererik.4510,https://gw2mists.com/guilds/Onyx%20Vanguard,,,,https://discord.com/channels/1118168848806445167/1201281965953916959/1201281965953916959,
Theres Always A Bigger Fish,73C9D338-38A3-4478-90D3-AFBB7E6B0DE9,Homestead,home,,,,,,,,,,,,
Theres Always A Bigger Fish,A8F44CB2-9B44-EF11-8465-0290273D6B3C,Snakes With Bandanas,SNEK,,@tonari,Max.4695,35,EN,https://gw2mists.com/user/Max.4695,https://gw2mists.com/guilds/Snakes%20With%20Bandanas,,,,https://discord.com/channels/1118168848806445167/1277622034326880351/1277622034326880351,
Theres Always A Bigger Fish,AAE04B83-44C2-E311-A53D-AC162DC028B5,The Fairytale Knights,TALE,,,,,,,,,,,,
Theres Always A Bigger Fish,94B2DBFA-19F7-EC11-8465-068565E44296,First Law Fight,Fate,,,,,,,,,,,,
Theres Always A Bigger Fish,86AEE1D9-5B98-EE11-81AB-8B4A188BDE13,System Genesis,GEN,,,,,,,,,,,,
Tsss Meow Boom,F1DCFF2A-F531-ED11-8465-06D1970130F4,Tsss Meow Boom,aWoo,,,,,,,,Silent Woods,12003,https://discord.com/channels/1118168848806445167/1276637682625155102/1276637682625155102,,
Tsss Meow Boom,049ACCE1-4280-EB11-81B7-C3B1C0E42B51,Gandara Goonies,GG,,@ineall ,Ashen.5296,,,https://gw2mists.com/user/Ashen.5296,,,,,https://discord.com/channels/1118168848806445167/1240415248305885204/1240415248305885204,
Tsss Meow Boom,AEFF7F7D-DF1F-EB11-81B7-C3B1C0E42B51,Make Gandara Stack,MGS,,@redtooth,Tonko.4802,104,,https://gw2mists.com/user/Tonko.4802,https://gw2mists.com/guilds/Make%20Gandara%20Stack,,,,https://discord.com/channels/1118168848806445167/1276637682625155102/1276637682625155102,
Tsss Meow Boom,9AE20E2B-E784-E911-81B7-C3B1C0E42B51,Ok Kitty,ok,,,shoo.5312,,,https://gw2mists.com/user/paws.5369,,,,,https://discord.com/channels/1118168848806445167/1276637682625155102/1276637682625155102,
Unicorn And Pirates Of Seafarers,B88592A0-E870-ED11-8465-0228F2FB5E53,Unicorn And Pirates Of Seafarers,SFRA,https://discord.gg/seafarersrest,@ducadiebonhakwe,,,EN,,,Kormir's Library,12013,https://discord.com/channels/1118168848806445167/1118852743344439306/1119313195950157914,,
Unicorn And Pirates Of Seafarers,C8A6ABC1-71C3-E411-AA11-AC162DAAE275,Armageddon WvW,ARMA,,@ducadiebonhakwe,,,IT,,,,,,https://discord.com/channels/1118168848806445167/1196071373395730504/1196071373395730504,
Unicorn And Pirates Of Seafarers,F7F37FC2-C23D-E411-A278-AC162DC0070D,Ordo Ab,Chao,,,,,,,,,,,,
Unicorn And Pirates Of Seafarers,A2B2E611-469B-48F5-99A3-7C740F4E5175,La Antigua Hermandad,LAH,,,,,,,,,,,,
Unicorn And Pirates Of Seafarers,48B067A2-21A7-4858-8007-4ECA99798EBF,Wolves Of,ODIN,,,,,,,,,,,,
Unicorn And Pirates Of Seafarers,3E0CB3AE-F780-E311-BC6C-AC162DC0070D,Black Knights Order,ZERO,,,,,,,,,,,,
Unicorn And Pirates Of Seafarers,7067EEC4-FBCE-EC11-81B7-C3B1C0E42B51,Two Elephants Fall Off A Cliff,WHAT,,,,,,,,,,,,
Unicorn And Pirates Of Seafarers,B4125506-C4CE-EB11-81A8-B942C6BB2B96,Seafarers Community,SFR,,,,,,,,,,,,
Unicorn And Pirates Of Seafarers,B014E5F1-4281-E411-AEFB-AC162DC05865,Enesimo Cielo Partido,ECP,,,,,,,,,,,,
Unicorn And Pirates Of Seafarers,5493CD41-E86A-4BF4-844D-470C60B02668,Eternal Illumination,EB,,,,,,,,,,,,
Unicorn And Pirates Of Seafarers,06591F7D-DA92-E611-80D3-E4115BE8BBE8,Ruf Der Einhörner,RDE,,,,,,,,,,,,
Unicorn And Pirates Of Seafarers,CE579895-8D16-4535-B018-632A8D745A03,Nosferatus Asylum,KISS,,,,,,,,,,,,
Wait What Color Are We,907116C8-FADD-EA11-81B7-AD7CCA945DAC,Wait What Color Are We,LOST,,@mevanna,,,,,,Grenth's Door,12010,https://discord.com/channels/1118168848806445167/1118852743344439306/1252701385829515314,,
Wait What Color Are We,372ECBD6-8017-EF11-8465-068565E44296,The Morning Squad,TMS,,,,,,,,,,,,
Wait What Color Are We,EE3E99C7-50E0-EC11-8465-068565E44296,Pewtato Warriors,PeW,,,,,,,,,,,,
Wait What Color Are We,FBA78570-4184-4FB2-9091-BB6D52676B10,Ministry Of Death Hun,MoD,,,,,,,,,,,,
Wait What Color Are We,B7556E88-956C-EB11-81B7-AD7CCA945DAC,Die Weltentraumfänger,DWF,,,,,,,,,,,,
Wait What Color Are We,65A7F1AF-D52B-45A5-A221-FD74C4D7A5DD,Divinity Legione Delle Tenebre,FATO,,,,,,,,,,,,
We Dont Run,6633317B-91AC-EE11-BA1F-124BD09C5957,We Dont Run,META,,@jumpingfinger,DarkWarrior.3825,,EN,,,Palawadan,12006,https://discord.com/channels/1118168848806445167/1274362088822669383/1274362088822669383,https://discord.com/channels/1118168848806445167/1274362088822669383/1274362088822669383,
We Dont Run,2E0CD308-6D3B-EE11-BA1F-06F2763BE7D0,Totally Inept Tactical Squad,JUGS,https://discord.gg/wMdfF9Tqbg,,andrewobrien.1460,182,EN,https://gw2mists.com/user/andrewobrien.1460,https://gw2mists.com/guilds/Totally%20Inept%20Tactical%20Squad,,,,https://discord.com/channels/1118168848806445167/1274362088822669383/1274362088822669383,
We Dont Run,AA692C2E-0FE9-E411-A343-AC162DAE0BED,Dawn Of The Sacred Knights,DAWN,,,,,EN,,,,,,,
We Dont Run,4F8736F5-78B6-E311-A53D-AC162DC028B5,Downstate Revengers,DORN,,,,,DE,,,,,,,
We Might Sit On You,84647DC2-7822-EF11-BA1F-06F2763BE7D0,We Might Sit On You,Frog,,,MacZee.2097,102,DE,https://gw2mists.com/user/MacZee.2097,https://gw2mists.com/guilds/We%20Might%20Sit%20On%20You,Silent Woods,12003,,,
We Might Sit On You,35813E01-C724-4402-91EB-A03ED38BB94C,Dragons Heart,AVE,,,,,,,,,,,,
We Might Sit On You,BEC5CBFC-599A-E711-80D6-AC162DC085C5,Loot Me Hard Senpai,BAGS,,,,,,,,,,,,
We Might Sit On You,5158F6AD-C748-E811-81A8-02BDABFC51C0,Suicide Dive,Dive,,,,,,,,,,,,
We Might Sit On You,D7C9C356-4457-E711-80D3-E4115BD7186D,Guards Of Phoenix,GoP,,,Speedy.5371,48,DE,https://gw2mists.com/user/Speedy.5371,https://gw2mists.com/guilds/Guards%20Of%20Phoenix,,,,,
We Might Sit On You,39808934-88D7-45E9-B0C1-DD7A83A08B42,Psychos,PsY,,,Java Jim.5630,47,DE,https://gw2mists.com/user/Java%20Jim.5630,https://gw2mists.com/guilds/We%20Might%20Sit%20On%20You,,,,,
We Might Sit On You,9CDFE94E-A596-E411-925A-AC162DAE5AD5,Wipe And Strike,WaS,https://discord.gg/zUY7wNNj,,TJsan.3647,37,DE,https://gw2mists.com/user/Nauma.9751,https://gw2mists.com/guilds/Wipe%20And%20Strike,,,,,
We Still Rock,519F61B2-8473-E511-AEFB-AC162DC05865,We Still Rock,WsR,https://discord.gg/dNdEwVmkBe,@tinka6636,,,,,,Kormir's Library,12013,https://discord.com/channels/1118168848806445167/1118852743344439306/1118872102418796644,,
We Still Rock,609CCDFD-847B-ED11-81AB-8B4A188BDE13,Dezzz Pas Si Tôt,DezZ,,,,,,,,,,,,
We Still Rock,5DF0FB43-0C7E-EE11-BA1F-06F2763BE7D0,Subject,LXIX,,,,,,,,,,,,
We Still Rock,0FE73096-57CB-E411-A3E6-AC162DC0E835,La Orden de Sombras,OdS,,,,,,,,,,,,
We Still Rock,91ED80E1-E335-EF11-81AB-8B4A188BDE13,Touch Me And I Call My,Team,,,,,,,,,,,,
We Still Rock,867E20C1-9A0C-4367-A592-EC0087D0C9D3,One For All,UNFA,,,,,,,,,,,,
,C8E6893C-5318-EF11-BA1F-06F2763BE7D0,The Dead Souls,dS,,@kingofthespartans,Zacc.8243,113,EN,https://gw2mists.com/user/Zacc.8243,https://gw2mists.com/guilds/The%20Dead%20Souls,Fortune's Vale,12002,,https://discord.com/channels/1118168848806445167/1276356540646821948/1276356540646821948,
,2CD150A6-A55D-EC11-81A8-E944283D67C1,Legacy of Aurora,AurA,,@adda_frank,,,,,,Frost Citadel,12008,,https://discord.com/channels/1118168848806445167/1240238917836603395/1240238917836603395,
,87336973-FDB0-EB11-81B7-C3B1C0E42B51,Invade Destroy Repeat,WvW,https://discord.gg/WhT34vDa84,@kane_wvw,Kane Dreloran.6198,49,DE,https://gw2mists.com/user/Curry.8204,https://gw2mists.com/guilds/Invade%20Destroy%20Repeat,Grenth's Door,12010,,https://discord.com/channels/1118168848806445167/1248731416620171265/1248731416620171265,
,D9997458-A2B3-E311-A8FE-AC162DC05865,Order Of The Golden Dragons,GOLD,,@allenwalker1635,ALLEN.1635,,ES,https://gw2mists.com/user/ALLEN.1635,,Grenth's Door,12010,,https://discord.com/channels/1118168848806445167/1263216763047247897/1263216763047247897,
,E377E769-5DBB-46EC-8DF5-07253C9A46DB,Death by Tea,CUP,https://discord.gg/dRtzSUpsax,@diza.ster,diza ster.9125,131,EN,https://gw2mists.com/user/diza%20ster.9125,https://gw2mists.com/guilds/Death%20By%20Tea,Grenth's Door,12010,,https://discord.com/channels/1118168848806445167/1264652866400944229/1264652866400944229,
,6C45F3C8-F21C-EF11-81AB-8B4A188BDE13,Dolyak Sanctuary,YaK,,@masnuelin,Masnuelin.9681,,ES,https://gw2mists.com/user/masnuelin.9681,,Melandru's Dome,12012,,https://discord.com/channels/1118168848806445167/1252089704266989568/1252089704266989568,
,4F3641E1-6EB1-ED11-81B7-AD7CCA945DAC,The Edgerunners,eR,,@zape_er,Zape.2094,,,https://gw2mists.com/user/Pure.2487,,Kormir's Library,12013,,https://discord.com/channels/1118168848806445167/1204446462663200869/1204446462663200869,
,8BA96A6D-661C-EF11-8465-068565E44296,Pessimistic Pandas in Power,iP,https://discord.gg/b4S3cYSQWf,@timepr,Perada.6154,,,https://gw2mists.com/user/perada.6154,,Kormir's Library,12013,,https://discord.com/channels/1118168848806445167/1250504552243794051/1250504552243794051,
,01D0B003-68CB-E411-925A-AC162DAE5AD5,Lagaron,SARO,https://discord.gg/nMD3v7C,@saromon,,,EN,,,Great House Aviary,12014,,https://discord.com/channels/1118168848806445167/1265790182750289920/1265790182750289920,
,1AFDDC93-CDC8-E711-81A1-06AEA39922EA,Please Excuse the Silly Tactics,PEST,,@jim.,,,,,,,,,https://discord.com/channels/1118168848806445167/1246781239118270505/1246781239118270505,
,538BFCA1-4ECE-E811-81A8-E8B6963692B8,Rejêcted,rjct,,@gam1621,,,EN,,,,,,https://discord.com/channels/1118168848806445167/1277583523859009606/1277583523859009606,
